prev_hash,output_index,script,output_value,sequence,addresses,script_type,age
c0c92d6b8d5db2fbd1d7735e2b35a48a47d11705c95bc50f37153f0ffbca5220,0,483045022100c55b377aea2efa358242d551131ef443001b703cfad4b57947286419e6e8c4c002207888ae6abc26b66633342ebaac28caaa1f51dca74676d1fee7bdb65a1466d6a4012102cd8bbff527abff25d5bb040ed4a055051e10a8ad8530b64caa1f343ea7cebce1,2130000,4294967295,['14Vu9s3a3YVHMQaxEbaq7f8D6Qrfn3uvy6'],pay-to-pubkey-hash,292911
57493caca6e8445e5ccadd95dc9fceabb76a4584c5acd9bf71ef138e3ad93171,1,483045022100a3860f7f2e528c4e1ef477a97e6df9ddfa6ad18418e5d01254642344d5f2aae702205e09f961a322e9073d191f14dd688792130a6b398c6918949f0518de78f510cc0121027e2a1c6130487e381e051be5cb4b6866aaa6bac435f7435351eff3ff84561558,1000296,4294967295,['1AyhVhk3oogyY7vyR7oYhFyubXNY7scqkz'],pay-to-pubkey-hash,292900
9f9eb652438031ba25129ee803ccf91cc6c7ed03331e3157c86816a294e20575,73,483045022003689e2472c36621b7c0a9ba254ed02f368cefd5a0629086487557d23eeb0e3b0221008237eb98afcc015617865aa3e3c57bde94ff74b9caaa6637195f032ede39defe01210220d752dfe78b65d6a9f8771821619c8c47257f5f84c3bbb9a37328046945c1d3,4202448,4294967295,['1DFbP3r8bnkxDaM4EcevYCJoBfmCrFaw7Q'],pay-to-pubkey-hash,292830
656949b3e3b1071214e05410444aaeee5d144527cfcc9583c5b7e2642515a076,538,47304402203e14340aacee2f9a8bc054085e01b5067aa8c89fce10714ff850130ae25070ca022069b3661e0471190c4214aa11537a8d67f6021808f2afad7c5e6353c1bbba2e4d012103d05fba3f3f123a0b2ae7d32bbeec46a687a5a190075544328d5bc7121aa997c4,1840000,4294967295,['1488jRk8JbvTASKoA67nsYqkUGhR7y3ppb'],pay-to-pubkey-hash,292840
41d9874613453c4215874575d94502575031ed11231731fa5e2a22a3035bcb82,0,48304502203fbad7d11f009ce21f4ffcf210440fbe4a8addef37a34de9cf9e39e80cb694c30221009619e9b7236f29bbe6acc08b02c5f0c7cd85a4f7b892ad2c0610bf9b6025633c0121029a87d41ff0a8f0309d29196cdb1050c2991748d052d4f00c7cd7a2e5dd710cde,44500000,4294967295,['1Mmmch6NqKTzFQ5jagZ7HqA6D3rb1KWvtJ'],pay-to-pubkey-hash,292911
766db0bbc72e3af3949b621d0b0592aa5aba69e3fa91bbdfb7499cf819ea1da2,1,493046022100b8112dfad58b47dd8055d29220ac54d29b8c8d2235bdfbe87c5c060e555e0eb8022100acc8da9437d182ce6b5263171ccc6ba5b4a38a3572810eee5205818e37ecb575012103ade0904b976616e438a0e5a7393891dfeb03bd062d9c1b6a6ecc0c490abc037c,1000392,4294967295,['1GZ27Kxb1TqyqSPoXYWuBJL1Aj3Noqc6vR'],pay-to-pubkey-hash,292915
fcb0dfc0ffdb4eb11df456e7bbd3173cf404caba4c3fd36a7a4ef82741256b2a,0,483045022100db563e53796fb73588465172ebab52370941676280e71776f94874da3fce705a022072cdb57b135aea44501aadc481fa1814dc91b7f2deae9bff5a9839d95572063601210378c72cc5dcd826261cd2dc1830566f63f643c960a1f699f61f3f0cd59ced9563,1001353,4294967295,['14NFs74teoCHBcgpQetgsQTK54J7sCXiZP'],pay-to-pubkey-hash,292933
c30167e95a0fc369a4fe68f13719d293c729f829eaa89452f82225e64a3d8cb7,1,4830450221009332675fcddbc56a702ff2833aed3092aad4dc527fc9aa61c6d5fec261fe3e92022053b0150291d37a0b0452cf473a4528b83091696bf2bf2c64501a24f7ddde46710121029f0101489562eaf6c13ec4c399f754eeb6021acb503780aff6c62055ac93d11e,1054998,4294967295,['1BQujesL1NhkNVa4GZBryEwz2H4YXfWmvw'],pay-to-pubkey-hash,292922
b987505ff0566cff8ba3fd78402a3688532dc4159b29e357f01e1fe02ac43c27,0,473044022012b81bff95bb5c417efbcdae38a173fcd346e80d22c6a3fc4ff413eb1d0b521502201605d5c747d3046071b84587fa44451f7332a8ee9912fd3887691d25e20b9387012103dc16cb0107c29b0ee70e4300456e4d4aeaf55addedccdab67e13b914c651d74f,14680000,4294967295,['115CyAkgJF4RMoqUwqeMxMeG14fCPi8v8b'],pay-to-pubkey-hash,292937
eddfe589cbc0378d8067c429812af81e6846705e3e595343c54b68396dc4320a,36,493046022100ba84344ee98eac6d2aea11543fb382f58fd68111e9f9890e47f8498f2e33a662022100cbff8304a3aadcc8c525f16b6f1a394cf02dbdf81db06c9d0b7beed125429a640121029c751ef9e3b248f49e388c6dbcc7902d87d05ec38295b12804940b465db5cd2c,2375712,4294967295,['1NobAH7AmNgrDfzXPDy3Gz9BtuXuxk3JPH'],pay-to-pubkey-hash,292944
59c9688c7817be94b73d278c8f91b988f7f82636b795a056d2c51506130fad9e,0,493046022100d01172a5fefdd77e65213927a9a44ab3a379f22f30bd8b84feddfe7b48cdcbab022100d8f8df57d820f47a9e0eaaa9db4a0c8882df1c1408d8b01444f4564359d1f9c101210320b1840eb2c311365255d77320924611ea833b5b63bb3a141d563b9f67b266dc,2100000,4294967295,['1ChgrCAxYZTvoHdyS54mBRez9DFtSu79Me'],pay-to-pubkey-hash,292922
7f5f7475c3cb6a886d999e9fc7610ca867e1440055d56846e445d5a3d7422ed0,0,47304402203a9ad9df5e239f49ae462874702e089579e77561199ce24a0645cda6ff8d889c02201907ee6de8e9f437be464a2fbf917716038c5e9cb264d937f2c6acf280b074ee01210209fba01da96aebc7b7757374b69b6440ddf56b3c69f5d62cf460b3b601883146,50000000,4294967295,['16h4Gnsshv7NnYGkKUcxNxDGcGDYj1QGdT'],pay-to-pubkey-hash,292933
8f71003b8e8d0a8c893b5f45c727728aff8bf89349d491d33addcba3471eb2ba,0,473044022047d5f11e13819a6c55918e726a46977c3c3732292dd4a156235e82babe6a7b380220079421c807627e225c9f30aec908fbb004e63e819fa75f88dda9041dcfc47c3d012102ae8b23a98a3ee7c4012ad8587af0682e93941b1c687f924926178e96d7ba36dc,100000,4294967295,['12jpwmY5gZgwYHqzCKmkNGpAvRr8RvZiwx'],pay-to-pubkey-hash,292923
c04cd1d484cca700849bc130474b6b324b34eed6d6826c9981a35d1979a46830,0,4730440220644d89ded925e0e12bc748d950ffa8bd29595e1d68c30814945147ac5cd9d75d02206123af53c0fa88c1458f963e892f31bb7c205415f8a212bde5c1fea3d83df81b01210222684f31c984d7d72e50ac02569f1974e12c3a92ec6a7085c59e368b342926bc,8440000,4294967295,['1KXtXaMkLPoHut4B7oT1Yh7yCyyaKz8HPA'],pay-to-pubkey-hash,292924
1c54b2125ecbeab1a3e070c916b7b7119caa1d30db9b79204201c40c53d51667,0,493046022100e260480dbe653799ed1f3c5c616fba66e90bd5a3497e44958cb1d3af6f414677022100ef117b845aadee4557410db47edbb8779cad458c92b08d6f95da3b577fe677c60121032809f5f3bdbd11f5e7418c24851befb5aac664e69851a242a64eaf9cd0110e42,10100000,4294967295,['1BvJUW3v3naBVJADGD9589YEHKXq8GCq2z'],pay-to-pubkey-hash,292943
2d3d7bf5ea2ba5bcf7ca0baba2192852e16a63373e17cc109a83563c018824e6,118,483045022100f482fe537496e07d552474eea921f1afb2714e382b6f1e53b4fa22e5474c0d6e0220390bf9160664bc593b2950c8e00749620c6e9e1bf03b627365f41d215a9ad9ea012103a4c97858978fe56ccf7824611e4da0a8dea8257c5ee20d6b63741bce6e3b1804,2000000,4294967295,['19q89gkJZuNDkXGnQCHnftKiRSyHvSkXxL'],pay-to-pubkey-hash,292937
495d40b95280053b61029823dede7a520f0845d419d46d905c07656dc230d87e,0,48304502200e8963ee353e91dda43abdea7f6c6202d57f97b3c72575f4014a8b474b889c29022100a57418506112b1e761be7d266dad664d62d22e032a27d1c9a3ad439166ac849b01210394fec09482f3be9fa7fff579517b85a5aa8ca36e871068b925c1259fb7c2b1ae,50000000000,4294967295,['15wXRARAKw2diD1CDPe6kr7FXBoS2r162H'],pay-to-pubkey-hash,292954
9c052c2c5739c07a0a68295ba88690b25a52563496f2a6f713270075800d0187,1,47304402200a245ffc5c8ed1f25d8df0f96ef21b01f84e5380284de50af834c0127c06350302203678379d3921b1125ded31c5d1175d4ef68251a176f70dff332ba2f7aa72d15b0121036150e57fe8bc2ab738b7335e48a63d7121af91ac8fdb32d521918b6357d099c2,19000000,4294967295,['1Nee6B1pBYbrs7TARPDCpRdKgobbcbHg9t'],pay-to-pubkey-hash,292931
54989021a10b6269a400fb959857639f97db7613bb5b0060ec8b9d6a3bfef9a7,1,4830450220779d5f5e808aaf3aa823f8265027b4720904dba56d440b5ee18d810ebf1afe34022100a2c86917c482a595b8a0a7feba561724000d24cd59659d88e6e459ca92d20e39012103b6fa0dd1101bf92e9cb1984d1e7748755951876eb34df75953c8e3eced698658,460010000,4294967295,['12cdFV8HGLB8tFaroadozeiJ2uo5Gh3Xfy'],pay-to-pubkey-hash,292952
d192c534c656a6c735a7506a22571bf355bf4747b59631c01edad2af17b5f33b,0,483045022100e5b70b2b432edd85fac6cefd17c71411dc936010045767037bdad525da594ebf022035290403fef078236a75e39708565935d9152f1deba773203202d22fa34c6425012102b9851a77a8974bb94b72f316fee3669f06eb771920068ac8ee3b2f01c3101854,50000000,4294967295,['1A7yiaGLYAimtTxWV4HTMSBn3FKpqSwoA6'],pay-to-pubkey-hash,292932
dd1a30dec86b1b444af4faf210c07cabb55f9173156bc89b1ea3213ac0a06b03,0,473044022045b36a3e675ef0c582ed6fc9b002f697abfecda27a174d2115db8dd61ada4e8c022033a9a7771ac5504dbf724a00c9c8101c24d684a967fccf8a20ae11ef3ccb5660012103e37f0600b894d478b4ee42afedd49c27f6c7d722343e8e42197ed6ff97ea4032,21000000,4294967295,['177syytRH3T1U7uedrpRxpAfQCB67EHCdR'],pay-to-pubkey-hash,292931
2827222cae9f8edbe21884b25b7b9975a7c6d58c2d318bbaaa5df4195d181c11,0,47304402204d9172b443df18c3bd3abbea1b9af987bd3bbae597db32f996de32200e987fc902202f589e2c655e55258065aa05a6291bbe08a659c5cdfecde3a10b72a628ba9a38012103efc5bcee3189d7c3f1eb67950b95850528c9392dedbf8fdc9e95895330d286e2,10000000,4294967295,['1MYHhu7RcY59GqhtsKtrHWnscrAHbrdQxY'],pay-to-pubkey-hash,292926
70c9fbfd394161cd4bc1567598bae0b6f5c05274e7358f3f9ebed3a5c77ec5d7,3,483045022100eafa294d99c1c9094cb30c2be1b7050975c8efbdaafcffbf5515e6b300bce8e902202b22c668b1c30027fd16a59b6a965822df2ee9888612cb9f01f50343af8e0fc70121022f8170fe77502a10f7e2804c3e739bc8cd75d720656d304383897e201f2ae6e8,11391371,4294967295,['17zvPNJw4H5wJrxX9kVex1e56sjUyekCn4'],pay-to-pubkey-hash,292931
8dcd33e23cc82ecd8b1541b17c4090c395b8104561a346f466d371f7bd866c11,0,473044022029e17b972155fd7b091041624731f45d9aaf6d00b82a29bcae0a5850f6899c7c02204077a9aec2cc49e024227e3e3916af79276fe763c426a0d8ba491288b408c37d012102a6a2a28fb5a39fca42ce767d6b912086522cde584812bb2ea3280a909cda6983,45400000,4294967295,['1NjenATjneELu3KgjPRCfRPKnJHouVwk4u'],pay-to-pubkey-hash,292940
f62b37c163f44a3199e8e0c268c14a3a9dcd924abb0a9bafc1bd93bdb08c2f86,200,47304402201bde16833fa1f2aa8b8e2b391e24275b38c6ac798c5af0058297a9b9bfe232b40220535dda425c5aaf57e5fcdb1c63bc0e8aa197c08344e1b6ddf2d15690472c2fc90121034b38cfbf219a62671bfde03e03c0578437146969c7604dbd5fb3ad86739f63c0,1000000,4294967295,['1K8jL2ubAzFEvhXLiithd8zrkgZjWmykj1'],pay-to-pubkey-hash,292919
f62b37c163f44a3199e8e0c268c14a3a9dcd924abb0a9bafc1bd93bdb08c2f86,201,483045022100cd4434bdedc7e1068efff56a0fa1f16306dc0832bae67fff0c1362ce0cbae4fe02202d1cd6c06632f11715a08b15d705104f9e2a7d200187c4d9450052e5c3a958d30121036fcd5b43931941dfcbf6543ce8e25ecb69f7140b70124fc0ed3746dfa0774ac1,1000000,4294967295,['1MppRuEoWdjpxnFJofiLLAD79X5Ce8vx8y'],pay-to-pubkey-hash,292919
7050f9c4af6d8f178754eca38b08dcb159d0bb7302553c152e6cbcc7d461c344,1,4830450221009f0b0ff10f0f446527d2f181f8825e40205aa1e597ea2b3040d4a93af1575cd102202572b720e2eea3d44db1079f9c15d7e3052a5f4cc21055c0ce57d239f883398c01210300707d9e831797b7a0f616fe33fde8cdb48afe88d233e7939737bdec92eaa718,20000000,4294967295,['125JuQoAE8eD3A1z7HK8vsv1B2BkL1ZajS'],pay-to-pubkey-hash,292923
a0fb533ebbe5a03360d6228d0e59b117f168b1471e6027e80207bb0f58a682ae,7,493046022100ed79e2139ce937d04a6cb7998de91ce0ddf4b78f1df9f47ee0e25618e718659d0221009b2eae5bab026c06a33c85da489e7a33454c3dbdc1d5abe7020a120f9e3e0ce0012103e1013db4fac09b3c67804be05bb4f64dfd39962f5b5d3fd99886da7a103e8cf5,30000,4294967295,['1LTP2ecYXTrVrMWDDbMJyucZ2MNHLG7pRV'],pay-to-pubkey-hash,292925
a0fb533ebbe5a03360d6228d0e59b117f168b1471e6027e80207bb0f58a682ae,25,4830450221009135db5872e93125e65d2b4c06c27388de3a77f9b8368c0e557ee8143dc07b26022064a808de1fd96e08c62a2b8420b7ac5cc307ce74d369e98987ed9fa460f80ca90121025a993f00fc6c623a1eacbc41245ea2aef31d84f70df8f6e12161138fd73e0272,30000,4294967295,['171pXMhtXCfbDBEjmcwT8acHvTTXLWWQZJ'],pay-to-pubkey-hash,292925
a0fb533ebbe5a03360d6228d0e59b117f168b1471e6027e80207bb0f58a682ae,39,483045022100c1c2fb9a530b92ba51eaeac0bbe1be715d056046a4bd54c86619723be0e166f902204cde792b12e10844161a2a29e79d73dbb78202df792de7bb984ba504ab0f0d820121027cd9758ea42d5cad441152e6f0f52cff7f967cfed3e807e35ab342c872f672ac,30000,4294967295,['17dkxbcP5N8r1a8i8FxAV4jcBvKb1Bi3qi'],pay-to-pubkey-hash,292925
a0fb533ebbe5a03360d6228d0e59b117f168b1471e6027e80207bb0f58a682ae,78,48304502207b3c2efa7d026d2a59a0688d8c409c4e3317f6e9394e5d5e52a0704912ca7325022100c391a0b17e3427ea2f2d08f5e422b2b698b9ab5b636a20ce2a9fd5778d734365012102f6193fcc4086260549bf21cbe5ef7dbce820108f69cf47ffc2cbb988679ac5b9,30000,4294967295,['15UGhjs7tN9CTvpMXN6QwUSz8msBnL6mrR'],pay-to-pubkey-hash,292925
a0fb533ebbe5a03360d6228d0e59b117f168b1471e6027e80207bb0f58a682ae,103,48304502207819571081be3f0ae5e1e7263fafa767c1adec8f49b0cf842bcb2f4d0c136525022100b244cd00c6b1afc4fe5296587c0fd8c8c3b35d2684cdb0c91e7b0c1d510a4d46012103bb59e3328609854f7b4bc647df69a490b9bc303b4c56aeae97a422bfd2cea573,30000,4294967295,['16GmP26vA4XgB7zqJDdzwXC6MPcfvZizA9'],pay-to-pubkey-hash,292925
a0fb533ebbe5a03360d6228d0e59b117f168b1471e6027e80207bb0f58a682ae,153,47304402203873aca20bffbea4c45de3b5c4d6e1e0021a3b57d998dfdb274e17c2239f22cc02207c02e23664219cbc9fd5133c65903c8aed99e8d46c4154d8ea7baf4a84ce4737012102164fa58b58cb2d0ba23de45c863b4ad2efa66d5e6b1cac62b12dfb444b659cd5,30000,4294967295,['1JkwmtFcX7gfHuNg5FabP2Q7VSTCuU88Ak'],pay-to-pubkey-hash,292925
666288753c7dc6f0fab1fd6b31b5710596b82aefdd025ed091b3051fa6ed9d7c,113,47304402207ff1829ff446f7b1e44770d7224ba82e202baff92641c30243a4b9759e5e214402202e8e3092342a46863f6999721f4bccf02788c0b9cad7ac9de559a2bb7040d8930121031342d6becde55a91ac48a538d0c8547095c8c6b20afa46d5bc695fe0158571f9,1000000,4294967295,['15E5G3nBfo4ixVr1L4cCR1Y3nDL9Bzq1nj'],pay-to-pubkey-hash,292930
f23da2bd93f41ec0cf7b356a10ea1da94ef29d1ec2863af42147d52b4f2dd790,0,48304502201df589b1df2f4aba58939325e27a546e8f128f52313d9289a6f94957ec25de02022100bf67f43e100d1ae9e8f1a5e7aedd81c1d20f0d965d0956a0401640070938dca6012103ba42149863ab4440fe29f7b6dcd85ae3269f4a011a3324e05bfd2358e39dc50c,27000000,4294967295,['1FpdQkxFuk4VzPtVSeMqQYAZho6ckanayg'],pay-to-pubkey-hash,292948
4f49b8ea43eae5c952a046515613eb1e16d58e4a612f325fcda44127555129d0,202,49304602210096f3b29b7626340824e4a71c4a0dc4f27ac4a23caf0f49b55b71a1af768bcc39022100a0b6c8c23a2061cfc6d6d78e3dfe28b90d1ce25d3a110a0f0818a868a15dc8330121036fcd5b43931941dfcbf6543ce8e25ecb69f7140b70124fc0ed3746dfa0774ac1,1000000,4294967295,['1MppRuEoWdjpxnFJofiLLAD79X5Ce8vx8y'],pay-to-pubkey-hash,292951
4f49b8ea43eae5c952a046515613eb1e16d58e4a612f325fcda44127555129d0,221,493046022100ec4c69034b00ea4c38b67289223cdfa0c054cef3f4e2ca6611c6c3e3d4895bc9022100a6c8b5a60b0610b9746b883a775f19eceb4b667a3e30d63ed66bc8b396cfa8e90121031342d6becde55a91ac48a538d0c8547095c8c6b20afa46d5bc695fe0158571f9,1000000,4294967295,['15E5G3nBfo4ixVr1L4cCR1Y3nDL9Bzq1nj'],pay-to-pubkey-hash,292951
4f49b8ea43eae5c952a046515613eb1e16d58e4a612f325fcda44127555129d0,226,47304402204ad9f8450100ad6c558a991cae97ab4c329276ec562fcb668c5aaba81a1abb9e022078f7c2ac13e81a19f0679543765451f2b92adfa0f30847b6ddd88ce910d267f40121021d5b6950272f46fdee349751851143be82bd879984831d504dd9b65052287546,1000000,4294967295,['1Ftvoi4D2EyQpVr2TTK4c6eXnm3coSy7bi'],pay-to-pubkey-hash,292951
